Nthreads, Throughput(Kops/sec),List_size, Workload,Runtime(sec)
1, 471.75,1024, (20/40/40),10
1, 41.69,8192, (20/40/40),10
2, 667.98,1024, (20/40/40),10
2, 82.28,8192, (20/40/40),10
4, 827.40,1024, (20/40/40),10
4, 161.69,8192, (20/40/40),10
8, 1309.45,1024, (20/40/40),10
8, 264.01,8192, (20/40/40),10
16, 963.62,1024, (20/40/40),10
16, 406.69,8192, (20/40/40),10
32, 3189.40,1024, (20/40/40),10
32, 683.07,8192, (20/40/40),10
64, 5231.57,1024, (20/40/40),10
64, 886.08,8192, (20/40/40),10